Capacitor,Volume
47 ,86.39379797 
100 ,108.8561854 
220 ,144.5132621 
330 ,188.4955592 
470 ,251.3274123 
680 ,314.1592654 
820 ,392.6990817 
1000 ,392.6990817 