No,L,C,delta_current,delta_voltage,Pl_s1,Pl_s2Pl_C,Pl_L_Cu
1,3e-05,3e-05,20000.0,459.0348642657058,22.680866894047572,2.5727074420928684,2.5727074420928684,1.5819122871435367,2.3244217067618997
2,3e-05,3e-05,200000.0,59.27606746574463,18.170678660733202,3.9228295135244275,3.9228295135244275,0.05077308693411397,0.4908771517544086
3,3e-05,0.0002,20000.0,664.2424032901359,3.6667603765001804,1.785371709932179,1.785371709932179,0.16842038421943312,1.8996417585407825
4,3e-05,0.0002,200000.0,63.0538780502123,3.9337318799128265,3.869079293717604,3.869079293717604,0.007411529133773229,0.47930409201416607
5,0.002,3e-05,20000.0,10.190668841184092,0.3709408677844957,1.7446815927116759,1.7446815927116759,0.40743731664234983,2.163116124163178
6,0.002,3e-05,200000.0,1.0196749861755232,0.31201204679061245,3.5344256812202524,3.5344256812202524,0.04065153456076155,2.1571950276475564
7,0.002,0.0002,20000.0,25.831663169009516,5.863472015332427,1.7222860559402742,1.7222860559402742,0.059557251313277645,2.1178276973674297
8,0.002,0.0002,200000.0,17.02631663351151,5.835444635745681,3.498078831689872,3.498078831689872,0.005972961494435445,2.1181417744569533
