L,C,fsw,RL,ESR,ESL,delta_current
3e-05,3e-05,20000.0,0.079576,0.03713615338810892,1.463e-06,3.2556026550071735,14.944351228442894
3e-05,3e-05,200000.0,0.079576,0.0037136153388108916,1.463e-06,2.4480963015005166,1.4511352153038453
3e-05,0.0002,20000.0,0.079576,0.005570423008216337,2.1945e-07,2.259277826903446,15.007081334424608
3e-05,0.0002,200000.0,0.079576,0.0005570423008216338,2.1945e-07,2.4145527294792837,1.52246913350394
0.002,3e-05,20000.0,0.443394,0.03713615338810892,1.463e-06,2.2077869921943662,0.22498826109326675
0.002,3e-05,200000.0,0.443394,0.0037136153388108916,1.463e-06,2.2057074895283653,0.02249104753892084
0.002,0.0002,20000.0,0.443394,0.005570423008216337,2.1945e-07,2.179446821143291,0.5629873617854202
0.002,0.0002,200000.0,0.443394,0.0005570423008216338,2.1945e-07,2.1830247327071093,0.3716887031785807
