L,C,fsw,RL,ESR,ESL,delta_current_percentage
3e-05,3e-05,20000.0,0.079576,0.03713615338810892,1.463e-06,3.2556026550071735,4.590348642657058
3e-05,3e-05,200000.0,0.079576,0.0037136153388108916,1.463e-06,2.4480963015005166,0.5927606746574463
3e-05,0.0002,20000.0,0.079576,0.005570423008216337,2.1945e-07,2.259277826903446,6.642424032901359
3e-05,0.0002,200000.0,0.079576,0.0005570423008216338,2.1945e-07,2.4145527294792837,0.630538780502123
0.002,3e-05,20000.0,0.443394,0.03713615338810892,1.463e-06,2.2077869921943662,0.10190668841184092
0.002,3e-05,200000.0,0.443394,0.0037136153388108916,1.463e-06,2.2057074895283653,0.010196749861755233
0.002,0.0002,20000.0,0.443394,0.005570423008216337,2.1945e-07,2.179446821143291,0.25831663169009517
0.002,0.0002,200000.0,0.443394,0.0005570423008216338,2.1945e-07,2.1830247327071093,0.1702631663351151
