No,L,C,fsw,RL,ESR,ESL,delta_current_percentage,delta_voltage_percentage
1,3e-05,3e-05,20000.0,0.079576,0.03713615338810892,1.463e-06,3.2556026550071735,459.0348642657058,22.680866894047572
2,3e-05,3e-05,200000.0,0.079576,0.0037136153388108916,1.463e-06,2.4480963015005166,59.27606746574463,18.170678660733202
3,3e-05,0.0002,20000.0,0.079576,0.005570423008216337,2.1945e-07,2.259277826903446,664.2424032901359,3.6667603765001804
4,3e-05,0.0002,200000.0,0.079576,0.0005570423008216338,2.1945e-07,2.4145527294792837,63.0538780502123,3.9337318799128265
5,0.002,3e-05,20000.0,0.443394,0.03713615338810892,1.463e-06,2.2077869921943662,10.190668841184092,0.3709408677844957
6,0.002,3e-05,200000.0,0.443394,0.0037136153388108916,1.463e-06,2.2057074895283653,1.0196749861755232,0.31201204679061245
7,0.002,0.0002,20000.0,0.443394,0.005570423008216337,2.1945e-07,2.179446821143291,25.831663169009516,5.863472015332427
8,0.002,0.0002,200000.0,0.443394,0.0005570423008216338,2.1945e-07,2.1830247327071093,17.02631663351151,5.835444635745681
