No,L,C,fsw,t_d,d_cycle,average_current,delta_current,delta_current_percentage,average_voltage,delta_voltage,delta_voltage_percentage,DCR,ESR,P_ON_H,P_ON_L,P_COSS,P_L_DCR,P_D,P_G,P_CAP_ESR,P_total
1,0.000030000000000,0.000024402139711,20000,1.752e-07,0.2,3.3455169310581065,10.353157580745021,309.4636133696256,2.52982226864813,2.6007162631451237,102.80233103232494,2.703254400000000,0.045655201341358,0.0033034159772648286,0.0593744918243153,0.0124416,30.256130365609962,0.008205883928499323,0.06799999999999999,0.4078069893807481,30.81526274672079
