Capacitor,Volume
47e-6 ,8.63938E-05 
100e-6 ,0.000108856 
220e-6 ,0.000144513 
330e-6 ,0.000188496 
470e-6 ,0.000251327 
680e-6 ,0.000314159 
820e-6 ,0.000392699 
1000e-6 ,0.000392699 