Inductance,R_L 
144e-6,0.079576 
509e-6,0.179228 
1003e-6,0.253239 
2519e-6,0.443394 