Inductance,Vol_L,R_L,  
144e-6,2.04e-6,0.079576 
509e-6,6.31e-6,0.179228 
1003e-6,9.49e-6,0.253239 
2519e-6,12.9e-6,0.443394 